{
  "id": "2678107",
  "name": "spring boot",
  "font_family": "iconfont",
  "css_prefix_text": "icon-",
  "description": "",
  "glyphs": [
    {
      "icon_id": "927012",
      "name": "运动",
      "font_class": "yundong",
      "unicode": "e62c",
      "unicode_decimal": 58924
    },
    {
      "icon_id": "2679429",
      "name": "食物",
      "font_class": "shiwu",
      "unicode": "e6bf",
      "unicode_decimal": 59071
    },
    {
      "icon_id": "6222432",
      "name": "表单 页面",
      "font_class": "biaodanyemian",
      "unicode": "e60f",
      "unicode_decimal": 58895
    },
    {
      "icon_id": "10040231",
      "name": "卡路里",
      "font_class": "kaluli",
      "unicode": "e6eb",
      "unicode_decimal": 59115
    },
    {
      "icon_id": "13635531",
      "name": "商品",
      "font_class": "shangpin",
      "unicode": "e614",
      "unicode_decimal": 58900
    },
    {
      "icon_id": "15711615",
      "name": "管理员",
      "font_class": "guanliyuan",
      "unicode": "e742",
      "unicode_decimal": 59202
    },
    {
      "icon_id": "18907593",
      "name": "书",
      "font_class": "shu",
      "unicode": "e600",
      "unicode_decimal": 58880
    },
    {
      "icon_id": "20092861",
      "name": "密 码",
      "font_class": "mima",
      "unicode": "e621",
      "unicode_decimal": 58913
    },
    {
      "icon_id": "21602271",
      "name": "登录",
      "font_class": "denglu",
      "unicode": "e6a9",
      "unicode_decimal": 59049
    }
  ]
}
